,Accuracy,Recall,Precision,Train time
tokenTfidf,0.9,1.0,0.8333333333333334,14.806880950927734
stopwords,0.95,0.9,1.0,5.671523809432983
stopwordsTfidf,0.9,0.9,0.9,26.54773998260498
stemming,0.95,0.9,1.0,6.54721999168396
stemmingTfidf,0.85,0.8,0.8888888888888888,17.51723885536194
stopNstem,0.95,0.9,1.0,8.818400859832764
info_gain,1.0,1.0,1.0,2.702031135559082
stopNstemTfidf,0.85,0.8,0.8888888888888888,16.256876945495605
token,0.95,0.9,1.0,7.531517028808594
